"Tijdstempel","Gebruikersnaam","Totale score","Welk van volgende kleuren storen u op een website?","Welk van volgende kleuren storen u op een website? [Score]","Welk van volgende kleuren storen u op een website? [Feedback]","Als u een website bezoekt wat is het eerste op de site wat u opvalt?","Als u een website bezoekt wat is het eerste op de site wat u opvalt? [Score]","Als u een website bezoekt wat is het eerste op de site wat u opvalt? [Feedback]","Wat zorgt ervoor dat u een website weg klikt? ","Wat zorgt ervoor dat u een website weg klikt?  [Score]","Wat zorgt ervoor dat u een website weg klikt?  [Feedback]","heeft u graag sites met of zonder afbeeldingen?","heeft u graag sites met of zonder afbeeldingen? [Score]","heeft u graag sites met of zonder afbeeldingen? [Feedback]","wat zijn volgens u te veel afbeeldingen","wat zijn volgens u te veel afbeeldingen [Score]","wat zijn volgens u te veel afbeeldingen [Feedback]","als u een woord ziet op een site die verbonden is met een andere site of video klikt u er dan op of negeert u die?","als u een woord ziet op een site die verbonden is met een andere site of video klikt u er dan op of negeert u die? [Score]","als u een woord ziet op een site die verbonden is met een andere site of video klikt u er dan op of negeert u die? [Feedback]","heeft u liever video's die op de website zelf staan , via een link of via een link op het woord?","heeft u liever video's die op de website zelf staan , via een link of via een link op het woord? [Score]","heeft u liever video's die op de website zelf staan , via een link of via een link op het woord? [Feedback]","als u een grote tekst ziet over de uitleg van een woord leest u die dan volledig of zoekt u liever een kleinere tekst.","als u een grote tekst ziet over de uitleg van een woord leest u die dan volledig of zoekt u liever een kleinere tekst. [Score]","als u een grote tekst ziet over de uitleg van een woord leest u die dan volledig of zoekt u liever een kleinere tekst. [Feedback]","Leest u liever een site die in het Nederlands staat of in het Engels?","Leest u liever een site die in het Nederlands staat of in het Engels? [Score]","Leest u liever een site die in het Nederlands staat of in het Engels? [Feedback]","Hier kunt u eventuele opmerkingen geven over hoe een site er volgens u nog beter kan uitzien","Hier kunt u eventuele opmerkingen geven over hoe een site er volgens u nog beter kan uitzien [Score]","Hier kunt u eventuele opmerkingen geven over hoe een site er volgens u nog beter kan uitzien [Feedback]"
"2022/02/16 5:17:31 p.m. CET","lars.deschacht@gmail.com","0.00 / 0","Rood (fel kleur)","-- / 0","","ads","-- / 0","","porno pop-ups","-- / 0","","Met","-- / 0","","meer dan 10","-- / 0","","Nee","-- / 0","","video's","-- / 0","","kleinere tekst zoeken","-- / 0","","nederlands","-- / 0","","geen opmerking","-- / 0",""
"2022/02/16 5:21:32 p.m. CET","xaro.lannoye@icloud.com","0.00 / 0","Wit (lichte kleur)","-- / 0","","De homepagina","-- / 0","","Als ik iets doe dat mijn ouders niet moeten weten en als ze mijn kamer binnenkomen of omdat het saai was ","-- / 0","","Met","-- / 0","","meer dan 10","-- / 0","","Ja","-- / 0","","video's","-- / 0","","grote tekst lezen","-- / 0","","Maakt niet uit maar geen andere talen dan dat ","-- / 0","","Iets dat mee is in de mode dus gwn een goeie layout","-- / 0",""
"2022/02/16 5:25:23 p.m. CET","keanorubben7@gmail.com","0.00 / 0","Wit (lichte kleur)","-- / 0","","De naam","-- / 0","","Over wat het gaat","-- / 0","","Met","-- / 0","","6-10","-- / 0","","Ja","-- / 0","","video's","-- / 0","","kleinere tekst zoeken","-- / 0","","Nederlands","-- / 0","","Niet te druk ","-- / 0",""
"2022/02/16 5:35:43 p.m. CET","devuysderebruno@gmail.com","0.00 / 0","Wit (lichte kleur)","-- / 0","","Origineel ","-- / 0","","Als de site nie werkt","-- / 0","","Met","-- / 0","","meer dan 10","-- / 0","","Ja","-- / 0","","video's","-- / 0","","grote tekst lezen","-- / 0","","Nederlands ","-- / 0","","Altijd update zijn met de site","-- / 0",""
"2022/02/16 6:26:10 p.m. CET","milandevuysdere21@gmail.com","0.00 / 0","Wit (lichte kleur)","-- / 0","","Het gene wat ze verkopen","-- / 0","","Een onbetrouwbare site","-- / 0","","Met","-- / 0","","4-6","-- / 0","","Ja","-- / 0","","video's","-- / 0","","kleinere tekst zoeken","-- / 0","","Nederlands","-- / 0","","Nee","-- / 0",""
"2022/02/16 7:42:17 p.m. CET","Matteo.vanbom@gmail.com","0.00 / 0","Rood (fel kleur)","-- / 0","","Druk letters","-- / 0","","Meer willen aanklikken en accepteren ","-- / 0","","Met","-- / 0","","6-10","-- / 0","","Nee","-- / 0","","link op het woord","-- / 0","","kleinere tekst zoeken","-- / 0","","Nederlands ","-- / 0","","Foto over de uitleg","-- / 0",""
"2022/02/17 8:11:10 p.m. CET","kitty.willems@hotmail.com","0.00 / 0","Rood (fel kleur)","-- / 0","","De logo's ","-- / 0","","Als er steeds dingen opduiken die je moet wegklikken ","-- / 0","","Met","-- / 0","","meer dan 10","-- / 0","","Nee","-- / 0","","video's","-- / 0","","kleinere tekst zoeken","-- / 0","","Nederlands ","-- / 0","","Hou het simpel en niet te ingewikkeld ","-- / 0",""
"2022/02/17 8:11:18 p.m. CET","jorisvdb04@gmail.com","0.00 / 0","Wit (lichte kleur)","-- / 0","","Opmaak","-- / 0","","Onduidelijke indeling","-- / 0","","Met","-- / 0","","4-6","-- / 0","","Nee","-- / 0","","video's","-- / 0","","kleinere tekst zoeken","-- / 0","","Nederlands ","-- / 0","","Goede overloop van onderwerpen","-- / 0",""
"2022/02/17 8:11:48 p.m. CET","info@marcelzutphen.nl","0.00 / 0","Rood (fel kleur)","-- / 0","","Of die mobielvriendelijk is","-- / 0","","Niet overzichtelijk","-- / 0","","Met","-- / 0","","6-10","-- / 0","","Ja","-- / 0","","video's","-- / 0","","grote tekst lezen","-- / 0","","Nederlands","-- / 0","","-","-- / 0",""
"2022/02/17 8:12:00 p.m. CET","joery0077@gmail.com","0.00 / 0","Rood (fel kleur)","-- / 0","","Plaatjes, tussenkopjes/titel","-- / 0","","Veel domme reclames ","-- / 0","","Met","-- / 0","","6-10","-- / 0","","Nee","-- / 0","","video's","-- / 0","","kleinere tekst zoeken","-- / 0","","Nederlands ","-- / 0","","Goeie uitwerking en alles gesynchroniseerd ","-- / 0",""
"2022/02/17 8:12:40 p.m. CET","b136858@atlascollege.nl","0.00 / 0","Wit (lichte kleur)","-- / 0","","De banner","-- / 0","","Pop up ads","-- / 0","","Met","-- / 0","","6-10","-- / 0","","Nee","-- / 0","","video's","-- / 0","","grote tekst lezen","-- / 0","","Engels","-- / 0","","Maakt mij niet uit hoor","-- / 0",""